{
  "fraud_count": 5,
  "fraud_row_indices": [
    957,
    544,
    991,
    938,
    75
  ],
  "fraud_rows": [
    {
      "amount": 15.236816645905815,
      "balanceChngOrig": 654.892653666039,
      "balanceChngOrig_14_avg": 933.013809966822,
      "balanceChngOrig_14_sum": 354.0204154952979,
      "balanceChngOrig_180_avg": 920.1441817227989,
      "balanceChngOrig_28_sum": 108.31718607824736,
      "balanceChngOrig_7_avg": 566.9246363660454,
      "balanceChngOrig_7_sum": 419.11131830078483,
      "balanceChngOrig_90_avg": 168.35100349910203,
      "balanceChngOrig_90_sum": 146.41527562498857,
      "balanceDelta": 296.7267131470843,
      "balanceDelta_14_avg": 481.7527556146103,
      "balanceDelta_14_sum": 297.53880867748927,
      "balanceDelta_180_avg": 778.7974004281117,
      "balanceDelta_180_sum": 187.80888300837196,
      "balanceDelta_28_avg": 528.6607707173083,
      "balanceDelta_28_sum": 983.041522700582,
      "balanceDelta_7_avg": 916.8015087874147,
      "balanceDelta_7_sum": 791.4216390328573,
      "balanceDelta_90_avg": 924.8026165387386,
      "balanceDelta_90_sum": 987.3465855584989,
      "oldbalanceOrg": 300.96273765741256,
      "oldbalanceOrg_14_avg": 687.769993378279,
      "oldbalanceOrg_14_sum": 421.76068539278975,
      "oldbalanceOrg_28_avg": 122.90558814822816,
      "oldbalanceOrg_28_sum": 23.70687330921628,
      "oldbalanceOrg_7_avg": 423.4202654468827,
      "oldbalanceOrg_7_sum": 484.41609101282654,
      "oldbalanceOrg_90_avg": 341.05440531235155,
      "oldbalanceOrg_90_sum": 832.2117693557873
    },
    {
      "amount": 873.8699455186453,
      "balanceChngOrig": 120.02729975690573,
      "balanceChngOrig_14_avg": 725.8179155929506,
      "balanceChngOrig_14_sum": 93.739088817548,
      "balanceChngOrig_180_avg": 439.6515059319303,
      "balanceChngOrig_28_sum": 202.74634002474113,
      "balanceChngOrig_7_avg": 387.68339102799985,
      "balanceChngOrig_7_sum": 426.1153605683363,
      "balanceChngOrig_90_avg": 658.7772668265608,
      "balanceChngOrig_90_sum": 419.1410039365177,
      "balanceDelta": 167.87131327004258,
      "balanceDelta_14_avg": 454.40395026208057,
      "balanceDelta_14_sum": 969.5367993356914,
      "balanceDelta_180_avg": 268.6888841182389,
      "balanceDelta_180_sum": 877.405365656702,
      "balanceDelta_28_avg": 761.593538637447,
      "balanceDelta_28_sum": 364.155512525742,
      "balanceDelta_7_avg": 164.73619453795763,
      "balanceDelta_7_sum": 468.91816446333445,
      "balanceDelta_90_avg": 554.7546472208637,
      "balanceDelta_90_sum": 453.7564337290014,
      "oldbalanceOrg": 192.09665744284843,
      "oldbalanceOrg_14_avg": 768.8304414095711,
      "oldbalanceOrg_14_sum": 647.9291960389172,
      "oldbalanceOrg_28_avg": 634.4270930864071,
      "oldbalanceOrg_28_sum": 526.8154095984793,
      "oldbalanceOrg_7_avg": 289.25243392528563,
      "oldbalanceOrg_7_sum": 751.1593089062054,
      "oldbalanceOrg_90_avg": 738.8256884161698,
      "oldbalanceOrg_90_sum": 43.99964809518031
    },
    {
      "amount": 55.14815851991417,
      "balanceChngOrig": 433.2219945006486,
      "balanceChngOrig_14_avg": 806.9391492444704,
      "balanceChngOrig_14_sum": 601.0802384961806,
      "balanceChngOrig_180_avg": 866.7849695726807,
      "balanceChngOrig_28_sum": 529.1063392204508,
      "balanceChngOrig_7_avg": 771.5368181183351,
      "balanceChngOrig_7_sum": 360.61713579836885,
      "balanceChngOrig_90_avg": 641.2881946402308,
      "balanceChngOrig_90_sum": 205.18293636519104,
      "balanceDelta": 894.176092952019,
      "balanceDelta_14_avg": 158.58951008251788,
      "balanceDelta_14_sum": 622.1544995458859,
      "balanceDelta_180_avg": 725.9437273004995,
      "balanceDelta_180_sum": 159.8093843633772,
      "balanceDelta_28_avg": 29.43875577659927,
      "balanceDelta_28_sum": 991.3674378690182,
      "balanceDelta_7_avg": 179.1986347972393,
      "balanceDelta_7_sum": 100.17692021269897,
      "balanceDelta_90_avg": 95.2025001374287,
      "balanceDelta_90_sum": 701.3315012181974,
      "oldbalanceOrg": 143.91213302360606,
      "oldbalanceOrg_14_avg": 303.06773660699594,
      "oldbalanceOrg_14_sum": 714.8555426614125,
      "oldbalanceOrg_28_avg": 990.7721824746809,
      "oldbalanceOrg_28_sum": 346.3315066076776,
      "oldbalanceOrg_7_avg": 923.5724892823606,
      "oldbalanceOrg_7_sum": 378.88202613974755,
      "oldbalanceOrg_90_avg": 984.5340877019529,
      "oldbalanceOrg_90_sum": 763.1364313293303
    },
    {
      "amount": 360.64888365391414,
      "balanceChngOrig": 867.069223995692,
      "balanceChngOrig_14_avg": 969.773490271846,
      "balanceChngOrig_14_sum": 61.09640648133219,
      "balanceChngOrig_180_avg": 201.96408528010744,
      "balanceChngOrig_28_sum": 399.53904313068125,
      "balanceChngOrig_7_avg": 966.5520331062414,
      "balanceChngOrig_7_sum": 778.0793631746636,
      "balanceChngOrig_90_avg": 568.2935571855528,
      "balanceChngOrig_90_sum": 424.7373016227464,
      "balanceDelta": 773.7770804693542,
      "balanceDelta_14_avg": 411.75857694234276,
      "balanceDelta_14_sum": 30.05228751649691,
      "balanceDelta_180_avg": 501.28863903151364,
      "balanceDelta_180_sum": 538.2371354530718,
      "balanceDelta_28_avg": 366.19359947885346,
      "balanceDelta_28_sum": 9.362956514784027,
      "balanceDelta_7_avg": 135.80028695855196,
      "balanceDelta_7_sum": 230.70666633669867,
      "balanceDelta_90_avg": 273.660940000699,
      "balanceDelta_90_sum": 341.59524135819987,
      "oldbalanceOrg": 102.35060961458942,
      "oldbalanceOrg_14_avg": 111.83716726278293,
      "oldbalanceOrg_14_sum": 890.5276540471812,
      "oldbalanceOrg_28_avg": 981.8633302699195,
      "oldbalanceOrg_28_sum": 546.2155567298687,
      "oldbalanceOrg_7_avg": 534.2163051105981,
      "oldbalanceOrg_7_sum": 52.489575232032124,
      "oldbalanceOrg_90_avg": 810.0253698713926,
      "oldbalanceOrg_90_sum": 721.6911141048478
    },
    {
      "amount": 924.8313227497173,
      "balanceChngOrig": 451.4637392203885,
      "balanceChngOrig_14_avg": 527.9746796525053,
      "balanceChngOrig_14_sum": 573.5910039229277,
      "balanceChngOrig_180_avg": 991.5187774215378,
      "balanceChngOrig_28_sum": 884.348936500138,
      "balanceChngOrig_7_avg": 63.391626406875346,
      "balanceChngOrig_7_sum": 910.4140836303876,
      "balanceChngOrig_90_avg": 277.1658424331461,
      "balanceChngOrig_90_sum": 140.1404341588206,
      "balanceDelta": 632.0411070398885,
      "balanceDelta_14_avg": 793.5613971742193,
      "balanceDelta_14_sum": 880.5863657237002,
      "balanceDelta_180_avg": 901.7511815953545,
      "balanceDelta_180_sum": 573.9666437081014,
      "balanceDelta_28_avg": 414.7394248760321,
      "balanceDelta_28_sum": 329.4528483378947,
      "balanceDelta_7_avg": 616.849431799926,
      "balanceDelta_7_sum": 356.6192490996559,
      "balanceDelta_90_avg": 495.8457751219989,
      "balanceDelta_90_sum": 894.4929143848303,
      "oldbalanceOrg": 704.9227667035923,
      "oldbalanceOrg_14_avg": 576.9694642712241,
      "oldbalanceOrg_14_sum": 103.70373857886617,
      "oldbalanceOrg_28_avg": 380.4886669808171,
      "oldbalanceOrg_28_sum": 791.3058665347262,
      "oldbalanceOrg_7_avg": 656.3586592329577,
      "oldbalanceOrg_7_sum": 655.8935095433256,
      "oldbalanceOrg_90_avg": 550.5782899678302,
      "oldbalanceOrg_90_sum": 545.5235476322657
    }
  ],
  "fraud_threshold": 0.9,
  "ml_scores": [
    0.95,
    0.95,
    0.95,
    0.95,
    0.95
  ],
  "model_version": "lgbm_iforest_2025-09-16"
}