{
  "fraud_count": 5,
  "fraud_row_indices": [
    96,
    908,
    610,
    768,
    716
  ],
  "fraud_rows": [
    {
      "amount": 861.2828497493148,
      "balanceChngOrig": 585.0961665070571,
      "balanceChngOrig_14_avg": 486.7348847562646,
      "balanceChngOrig_14_sum": 132.56131115239623,
      "balanceChngOrig_180_avg": 782.3014017915476,
      "balanceChngOrig_28_sum": 40.275707179783126,
      "balanceChngOrig_7_avg": 843.5701333730008,
      "balanceChngOrig_7_sum": 89.98056845018831,
      "balanceChngOrig_90_avg": 988.3550609234476,
      "balanceChngOrig_90_sum": 367.4937418526335,
      "balanceDelta": 923.0394154078338,
      "balanceDelta_14_avg": 83.97997068259532,
      "balanceDelta_14_sum": 236.80185784121377,
      "balanceDelta_180_avg": 799.6397833116084,
      "balanceDelta_180_sum": 533.1228628781892,
      "balanceDelta_28_avg": 547.706319081848,
      "balanceDelta_28_sum": 997.3572891804251,
      "balanceDelta_7_avg": 613.6148403152438,
      "balanceDelta_7_sum": 728.1296453514409,
      "balanceDelta_90_avg": 770.7359458090826,
      "balanceDelta_90_sum": 210.82513187124997,
      "oldbalanceOrg": 581.5459738865515,
      "oldbalanceOrg_14_avg": 511.16888850493746,
      "oldbalanceOrg_14_sum": 742.8683585704558,
      "oldbalanceOrg_28_avg": 266.7099103351398,
      "oldbalanceOrg_28_sum": 274.9750741516119,
      "oldbalanceOrg_7_avg": 771.5624145329183,
      "oldbalanceOrg_7_sum": 16.62450777115343,
      "oldbalanceOrg_90_avg": 993.5813582633624,
      "oldbalanceOrg_90_sum": 241.8001098903595
    },
    {
      "amount": 468.39633310182774,
      "balanceChngOrig": 823.2504540008953,
      "balanceChngOrig_14_avg": 863.8433836825533,
      "balanceChngOrig_14_sum": 476.9564987600399,
      "balanceChngOrig_180_avg": 44.30698687736489,
      "balanceChngOrig_28_sum": 610.9441884008156,
      "balanceChngOrig_7_avg": 931.7248580390769,
      "balanceChngOrig_7_sum": 545.5399855488168,
      "balanceChngOrig_90_avg": 904.0941294267341,
      "balanceChngOrig_90_sum": 539.3230757469723,
      "balanceDelta": 332.1494834459375,
      "balanceDelta_14_avg": 926.400829602425,
      "balanceDelta_14_sum": 902.9124885192332,
      "balanceDelta_180_avg": 722.289884353196,
      "balanceDelta_180_sum": 908.3643606286832,
      "balanceDelta_28_avg": 348.94754828025333,
      "balanceDelta_28_sum": 179.62137611889983,
      "balanceDelta_7_avg": 9.931048428060919,
      "balanceDelta_7_sum": 637.4266265905393,
      "balanceDelta_90_avg": 727.249959310225,
      "balanceDelta_90_sum": 596.9799234461817,
      "oldbalanceOrg": 354.009594580446,
      "oldbalanceOrg_14_avg": 438.41376974009495,
      "oldbalanceOrg_14_sum": 446.76333736098906,
      "oldbalanceOrg_28_avg": 864.1523178904166,
      "oldbalanceOrg_28_sum": 956.8493027435824,
      "oldbalanceOrg_7_avg": 77.30730548005272,
      "oldbalanceOrg_7_sum": 733.9855510477792,
      "oldbalanceOrg_90_avg": 158.2963995189539,
      "oldbalanceOrg_90_sum": 992.0867713354763
    },
    {
      "amount": 824.8238654463203,
      "balanceChngOrig": 371.4995652781472,
      "balanceChngOrig_14_avg": 385.73533693495324,
      "balanceChngOrig_14_sum": 633.7689402613643,
      "balanceChngOrig_180_avg": 288.7868664326505,
      "balanceChngOrig_28_sum": 579.3908989881061,
      "balanceChngOrig_7_avg": 512.1164883509138,
      "balanceChngOrig_7_sum": 277.8485948577358,
      "balanceChngOrig_90_avg": 767.8781079227955,
      "balanceChngOrig_90_sum": 461.95153556866995,
      "balanceDelta": 998.9280857589007,
      "balanceDelta_14_avg": 371.3400672026246,
      "balanceDelta_14_sum": 944.6037111120819,
      "balanceDelta_180_avg": 703.6755262691676,
      "balanceDelta_180_sum": 866.7231702443363,
      "balanceDelta_28_avg": 651.3151843281395,
      "balanceDelta_28_sum": 217.82450870756577,
      "balanceDelta_7_avg": 398.62944334028793,
      "balanceDelta_7_sum": 802.5691445784812,
      "balanceDelta_90_avg": 655.6020147123699,
      "balanceDelta_90_sum": 502.34040994219765,
      "oldbalanceOrg": 892.155449981134,
      "oldbalanceOrg_14_avg": 561.027418522714,
      "oldbalanceOrg_14_sum": 523.5350750313568,
      "oldbalanceOrg_28_avg": 881.5413915070116,
      "oldbalanceOrg_28_sum": 859.5977621723456,
      "oldbalanceOrg_7_avg": 590.4125068588585,
      "oldbalanceOrg_7_sum": 33.559035930355144,
      "oldbalanceOrg_90_avg": 55.751535458583575,
      "oldbalanceOrg_90_sum": 455.84564081473013
    },
    {
      "amount": 454.03384921752723,
      "balanceChngOrig": 692.2876424033806,
      "balanceChngOrig_14_avg": 924.0076681860618,
      "balanceChngOrig_14_sum": 136.3076628915918,
      "balanceChngOrig_180_avg": 429.1026346121548,
      "balanceChngOrig_28_sum": 784.7178966925954,
      "balanceChngOrig_7_avg": 370.6578611235383,
      "balanceChngOrig_7_sum": 963.7111793810118,
      "balanceChngOrig_90_avg": 201.9151271746924,
      "balanceChngOrig_90_sum": 786.4352960061656,
      "balanceDelta": 670.974078865293,
      "balanceDelta_14_avg": 520.9273407930065,
      "balanceDelta_14_sum": 363.0123928133867,
      "balanceDelta_180_avg": 153.31965022110361,
      "balanceDelta_180_sum": 169.86685037281268,
      "balanceDelta_28_avg": 661.669022167199,
      "balanceDelta_28_sum": 597.5582513613903,
      "balanceDelta_7_avg": 203.69375761023488,
      "balanceDelta_7_sum": 737.7821160304235,
      "balanceDelta_90_avg": 119.35124758147741,
      "balanceDelta_90_sum": 488.5435797132036,
      "oldbalanceOrg": 357.02303071433386,
      "oldbalanceOrg_14_avg": 129.5223892770424,
      "oldbalanceOrg_14_sum": 702.1007406428104,
      "oldbalanceOrg_28_avg": 394.3346263549162,
      "oldbalanceOrg_28_sum": 423.4038718911001,
      "oldbalanceOrg_7_avg": 706.2175235086953,
      "oldbalanceOrg_7_sum": 453.4120555600937,
      "oldbalanceOrg_90_avg": 209.78692133855102,
      "oldbalanceOrg_90_sum": 369.53143157306613
    },
    {
      "amount": 652.4020687558931,
      "balanceChngOrig": 979.3438351549498,
      "balanceChngOrig_14_avg": 857.2936647878519,
      "balanceChngOrig_14_sum": 834.8403279221194,
      "balanceChngOrig_180_avg": 655.3580205341596,
      "balanceChngOrig_28_sum": 596.5725872579741,
      "balanceChngOrig_7_avg": 507.603740816498,
      "balanceChngOrig_7_sum": 331.1991487933015,
      "balanceChngOrig_90_avg": 539.419543274737,
      "balanceChngOrig_90_sum": 989.7459118804675,
      "balanceDelta": 619.2693568166687,
      "balanceDelta_14_avg": 530.7105655361659,
      "balanceDelta_14_sum": 856.0024495998315,
      "balanceDelta_180_avg": 246.6044043659259,
      "balanceDelta_180_sum": 459.98705436774935,
      "balanceDelta_28_avg": 533.725433881591,
      "balanceDelta_28_sum": 543.7877324689856,
      "balanceDelta_7_avg": 655.7129887697881,
      "balanceDelta_7_sum": 29.634120773055272,
      "balanceDelta_90_avg": 377.2451524308943,
      "balanceDelta_90_sum": 961.585335835759,
      "oldbalanceOrg": 351.6608811254066,
      "oldbalanceOrg_14_avg": 597.1358868429501,
      "oldbalanceOrg_14_sum": 795.7028602833708,
      "oldbalanceOrg_28_avg": 530.6928095996346,
      "oldbalanceOrg_28_sum": 558.894825854569,
      "oldbalanceOrg_7_avg": 427.71524630221734,
      "oldbalanceOrg_7_sum": 101.63390518328342,
      "oldbalanceOrg_90_avg": 562.0536131622066,
      "oldbalanceOrg_90_sum": 300.53793499031076
    }
  ],
  "fraud_threshold": 0.9,
  "ml_scores": [],
  "model_version": "lgbm_iforest_2025-09-16"
}